Model,MAE,RMSE
SARIMA,19244.48534293521,19950.07041885494
XGBoost,16442.6923625,19984.268164034915
Facebook Prophet,20296.007410636666,22487.4656953066
