Cluster,Sales,Shipping_Days,Order_Count
0,723.8513191071428,3.017159863945578,3.9357142857142855
1,646.7488866965621,4.703434408142928,3.7772795216741404
2,1213.7825771992818,3.9880360635665335,8.3016157989228
3,11863.938782539683,3.8938859200763964,7.063492063492063
